{
  "PatientName": "Patient_6",
  "Age": 31,
  "Gender": "Male",
  "Symptoms": "General checkup",
  "ScanResult": "X-ray/CT imaging completed",
  "ClinicalNote": "The patient is a 31yo male with a chief complaint of general checkup. The physical exam findings are as follows: X-ray/CT imaging completed. The patient has a history of adenocarcinoma and a biliary tract infection.",
  "ICD10Code": "Z00.00",
  "Reasoning": "Generated by Hugging Face FLAN-T5 model",
  "ProcessingTimestamp": "2025-11-23T11:17:48.670535"
}