{
  "PatientName": "Patient_12",
  "Age": 63,
  "Gender": "Male",
  "Symptoms": "General checkup",
  "ScanResult": "X-ray/CT imaging completed",
  "ClinicalNote": "63yo Male Chief Complaint: General checkup Imaging: X-ray/CT imaging completed. Physical exam findings. Assessment. Plan for follow-up. Follow-up plan for this patient is to have a CT scan and a CAT scan to determine the cause of the chief complaint.",
  "ICD10Code": "Z00.00",
  "Reasoning": "Generated by Hugging Face FLAN-T5 model",
  "ProcessingTimestamp": "2025-11-23T11:21:05.878112"
}