{
  "PatientName": "Patient_4",
  "Age": 25,
  "Gender": "Male",
  "Symptoms": "General checkup",
  "ScanResult": "X-ray/CT imaging completed",
  "ClinicalNote": "The patient is a 25yo male with a chief complaint of general checkup. X-ray/CT imaging has been completed. The physical exam findings are as follows: a sprained ankle. The patient has a fever of 102 \u00b0F and a chill of 0\u00b0F. There is no history of fever or chills.",
  "ICD10Code": "R50.9",
  "Reasoning": "Generated by Hugging Face FLAN-T5 model",
  "ProcessingTimestamp": "2025-11-23T11:16:30.814924"
}