{
  "PatientName": "Patient_5",
  "Age": 28,
  "Gender": "Male",
  "Symptoms": "hypertension",
  "ScanResult": "X-ray/CT imaging completed",
  "ClinicalNote": "The patient is a 28yo male with a chief complaint of hypertension. X-ray/CT imaging was completed. The physical exam findings are as follows: a systolic blood pressure of 120/80 mm Hg, a diastole, and a left ventricular tachycardia (LVT). The patient has a history of edema. The patient will be followed for follow-up.",
  "ICD10Code": "R60.9",
  "Reasoning": "Generated by Hugging Face FLAN-T5 model",
  "ProcessingTimestamp": "2025-11-23T11:17:14.671489"
}