{
  "PatientName": "Patient_10",
  "Age": 60,
  "Gender": "Male",
  "Symptoms": "General checkup",
  "ScanResult": "X-ray/CT imaging completed",
  "ClinicalNote": "The patient is a 60yo male with a chief complaint of general checkup. X-ray/CT imaging has been completed. The physical exam findings are as follows: a sprained ankle. The patient has a fever of 104 \u00b0F.",
  "ICD10Code": "R50.9",
  "Reasoning": "Generated by Hugging Face FLAN-T5 model",
  "ProcessingTimestamp": "2025-11-23T11:19:58.732518"
}