{
  "PatientName": "Patient_14",
  "Age": 79,
  "Gender": "Male",
  "Symptoms": "hypertension, diabetes, pain",
  "ScanResult": "X-ray/CT imaging completed",
  "ClinicalNote": "Hypertension, diabetes, and pain are the chief complaints of this patient. X-ray/CT imaging was completed. The patient is 79 years old and has a chief complaint of hypertension and diabetes. The physical exam findings are as follows: a spherical thorax, a right atrium, and a left atrium. There is no evidence of splenomegaly. He is asymptomatic.",
  "ICD10Code": "I10",
  "Reasoning": "Generated by Hugging Face FLAN-T5 model",
  "ProcessingTimestamp": "2025-11-23T11:22:16.471575"
}