{
  "PatientName": "Patient_2",
  "Age": 75,
  "Gender": "Female",
  "Symptoms": "diabetes, pain",
  "ScanResult": "X-ray/CT imaging completed",
  "ClinicalNote": "X-ray/CT imaging completed. Chief complaint is diabetes and pain. Physical exam findings. Assessment. Plan for follow-up. Follow-up is planned for 75yo Female with chief complaint of diabetes, pain, and a history of hyperglycemia and hypoglycaemia.",
  "ICD10Code": "E11.9",
  "Reasoning": "Generated by Hugging Face FLAN-T5 model",
  "ProcessingTimestamp": "2025-11-23T11:15:29.558099"
}