{
  "PatientName": "Patient_13",
  "Age": 51,
  "Gender": "Female",
  "Symptoms": "fever, nausea, headache",
  "ScanResult": "X-ray/CT imaging completed",
  "ClinicalNote": "Fever, nausea, and headache are the chief complaints of this patient. X-ray/CT imaging has been completed. The patient will be followed up for follow-up with a physical exam and a complete medical history. Follow-up will be discussed with the patient's primary care physician.",
  "ICD10Code": "R11.0",
  "Reasoning": "Generated by Hugging Face FLAN-T5 model",
  "ProcessingTimestamp": "2025-11-23T11:21:33.980696"
}