{
  "PatientName": "Patient_7",
  "Age": 61,
  "Gender": "Female",
  "Symptoms": "chest",
  "ScanResult": "X-ray/CT imaging completed",
  "ClinicalNote": "61yo Female Chief Complaint: chest Imaging: X-ray/CT imaging completed. Physical exam findings. Assessment. Plan for follow-up. Follow-up plan for this patient is to have a chest computed tomography (CT) scan to determine the cause of the chest pain.",
  "ICD10Code": "R07.9",
  "Reasoning": "Generated by Hugging Face FLAN-T5 model",
  "ProcessingTimestamp": "2025-11-23T11:18:17.969668"
}