{
  "PatientName": "Patient_8",
  "Age": 60,
  "Gender": "Female",
  "Symptoms": "General checkup",
  "ScanResult": "X-ray/CT imaging completed",
  "ClinicalNote": "The patient is a 60yo female with a chief complaint of general checkup. X-ray/CT imaging has been completed. The physical exam findings are as follows: a sprained ankle. The patient has a fever of 102 \u00b0F.",
  "ICD10Code": "R50.9",
  "Reasoning": "Generated by Hugging Face FLAN-T5 model",
  "ProcessingTimestamp": "2025-11-23T11:18:50.269265"
}