[
  {
    "PatientName": "Patient_1000",
    "Age": 30,
    "Gender": "Female",
    "Symptoms": "gastrointestinal symptoms",
    "ScanResult": "Chest X-ray: infiltrates present",
    "ClinicalNote": "The patient is a 30yo female with gastrointestinal symptoms. The chest X-ray showed infiltrates in the chest. The patient will be followed up for follow-up with a chest x-ray to determine the cause of the infiltrates.",
    "ICD10Code": "R11.0",
    "CodeAccuracy%": 95.5,
    "MatchedKeywords": [
      "gastrointestinal"
    ],
    "Reasoning": "ICD-10 code assigned with 95.5% confidence based on clinical indicators",
    "ProcessingTimestamp": "2025-11-23T12:32:03.968186"
  },
  {
    "PatientName": "Patient_1001",
    "Age": 56,
    "Gender": "Male",
    "Symptoms": "diabetes, fatigue",
    "ScanResult": "Brain imaging: normal",
    "ClinicalNote": "Patient: 56yo Male Chief Complaint: diabetes, fatigue Imaging: Brain imaging: normal. Physical exam findings. Assessment. Plan for follow-up. Follow-up will be based on the findings of the physical exam and the results of the neurological exam. The patient will be followed for a minimum of 6 months.",
    "ICD10Code": "E11.9",
    "CodeAccuracy%": 97.0,
    "MatchedKeywords": [
      "diabetes"
    ],
    "Reasoning": "ICD-10 code assigned with 97.0% confidence based on clinical indicators",
    "ProcessingTimestamp": "2025-11-23T12:33:37.729895"
  },
  {
    "PatientName": "Patient_1002",
    "Age": 50,
    "Gender": "Female",
    "Symptoms": "fever, cough, fatigue",
    "ScanResult": "Imaging consistent with clinical presentation",
    "ClinicalNote": "The patient has a fever, cough, and fatigue. The physical exam findings are consistent with the clinical presentation. The patient is scheduled for follow-up with a physical therapist to determine the cause of the fever and cough and to determine if there is any other cause for the fever.",
    "ICD10Code": "R50.9",
    "CodeAccuracy%": 97.0,
    "MatchedKeywords": [
      "fever"
    ],
    "Reasoning": "ICD-10 code assigned with 97.0% confidence based on clinical indicators",
    "ProcessingTimestamp": "2025-11-23T12:34:48.790490"
  },
  {
    "PatientName": "Patient_1003",
    "Age": 64,
    "Gender": "Male",
    "Symptoms": "general checkup, routine exam",
    "ScanResult": "CT abdomen: inconclusive",
    "ClinicalNote": "The patient is a 64-year-old male with a general checkup and routine exam. The physical exam findings are inconclusive. The patient will undergo a CT abdomen to determine if he has a malignancy. Follow-up will be planned for this patient.",
    "ICD10Code": "Z00.00",
    "CodeAccuracy%": 97.0,
    "MatchedKeywords": [
      "checkup",
      "routine exam",
      "follow-up"
    ],
    "Reasoning": "ICD-10 code assigned with 97.0% confidence based on clinical indicators",
    "ProcessingTimestamp": "2025-11-23T12:36:09.749315"
  },
  {
    "PatientName": "Patient_1004",
    "Age": 31,
    "Gender": "Male",
    "Symptoms": "pain, weakness",
    "ScanResult": "Chest X-ray completed, awaiting interpretation",
    "ClinicalNote": "The patient is a 31yo male with a chief complaint of pain and weakness. The chest X-ray has been completed and is awaiting interpretation. The physical exam findings are as follows: a swollen lymph node on the right side of the chest. The patient has a history of chest pain.",
    "ICD10Code": "R07.9",
    "CodeAccuracy%": 97.0,
    "MatchedKeywords": [
      "chest pain"
    ],
    "Reasoning": "ICD-10 code assigned with 97.0% confidence based on clinical indicators",
    "ProcessingTimestamp": "2025-11-23T12:37:27.407126"
  },
  {
    "PatientName": "Patient_1005",
    "Age": 45,
    "Gender": "Male",
    "Symptoms": "neurological symptoms",
    "ScanResult": "Brain imaging: normal",
    "ClinicalNote": "The patient is a 45-year-old male with neurological symptoms. Magnetic resonance imaging (MRI) of the brain was normal. The physical exam revealed no abnormalities. The patient will be evaluated for neurological symptoms and a follow-up visit will be scheduled for this patient. The doctor recommends that the patient refrain from strenuous activity for the next 24 hours.",
    "ICD10Code": "Z00.00",
    "CodeAccuracy%": 97.0,
    "MatchedKeywords": [
      "follow-up"
    ],
    "Reasoning": "ICD-10 code assigned with 97.0% confidence based on clinical indicators",
    "ProcessingTimestamp": "2025-11-23T12:38:06.486479"
  },
  {
    "PatientName": "Patient_1006",
    "Age": 35,
    "Gender": "Other",
    "Symptoms": "cardiovascular symptoms",
    "ScanResult": "Imaging consistent with clinical presentation",
    "ClinicalNote": "Other chief complaint: cardiovascular symptoms Imaging: Imaging consistent with clinical presentation. Physical exam findings. Assessment. Plan for follow-up. Patient: 35yo Other Chief Complaint: Cardiovascular symptoms. Imaging: Magnetic Resonance Tomography - computed tomography angiography.",
    "ICD10Code": "I10",
    "CodeAccuracy%": 97.0,
    "MatchedKeywords": [
      "vascular",
      "cardiovascular"
    ],
    "Reasoning": "ICD-10 code assigned with 97.0% confidence based on clinical indicators",
    "ProcessingTimestamp": "2025-11-23T12:38:39.390783"
  },
  {
    "PatientName": "Patient_1007",
    "Age": 25,
    "Gender": "Female",
    "Symptoms": "hypertension, chest discomfort",
    "ScanResult": "Chest X-ray: infiltrates present",
    "ClinicalNote": "The patient is a 25yo female with chief complaint of hypertension and chest discomfort. Chest X-ray revealed infiltrates in the chest. The patient will be followed up for follow-up with a physical exam and a chest x-ray.",
    "ICD10Code": "R07.9",
    "CodeAccuracy%": 96.7,
    "MatchedKeywords": [
      "chest discomfort"
    ],
    "Reasoning": "ICD-10 code assigned with 96.7% confidence based on clinical indicators",
    "ProcessingTimestamp": "2025-11-23T12:39:11.315687"
  },
  {
    "PatientName": "Patient_1008",
    "Age": 31,
    "Gender": "Male",
    "Symptoms": "diabetes, hypertension",
    "ScanResult": "MRI spine: degenerative changes",
    "ClinicalNote": "The chief complaint is diabetes and hypertension. The physical exam findings are as follows. The spine is degenerative. The patient will be followed up for follow-up. Follow-up will include a physical exam, MRI spine, and X-rays of the spine for degenerative changes.",
    "ICD10Code": "I10",
    "CodeAccuracy%": 96.5,
    "MatchedKeywords": [
      "hypertension"
    ],
    "Reasoning": "ICD-10 code assigned with 96.5% confidence based on clinical indicators",
    "ProcessingTimestamp": "2025-11-23T12:39:42.992039"
  },
  {
    "PatientName": "Patient_1009",
    "Age": 30,
    "Gender": "Female",
    "Symptoms": "nausea, abdominal discomfort",
    "ScanResult": "Diagnostic imaging: no acute process",
    "ClinicalNote": "The patient is a 30yo female with a chief complaint of nausea and abdominal discomfort. Diagnostic imaging revealed no acute process. The physical exam revealed no abnormalities. The patient will be referred to a pulmonologist for further evaluation. Follow-up will be planned.",
    "ICD10Code": "R11.0",
    "CodeAccuracy%": 97.0,
    "MatchedKeywords": [
      "nausea"
    ],
    "Reasoning": "ICD-10 code assigned with 97.0% confidence based on clinical indicators",
    "ProcessingTimestamp": "2025-11-23T12:40:14.469693"
  },
  {
    "PatientName": "Patient_1010",
    "Age": 24,
    "Gender": "Female",
    "Symptoms": "fever, malaise",
    "ScanResult": "MRI spine: degenerative changes",
    "ClinicalNote": "Fever and malaise are the chief complaints of this patient. The MRI spine shows degenerative changes in the spine. The patient is scheduled for follow-up with a physical therapist to determine the cause of the degeneration and to determine if there are any other conditions that may be contributing to her condition.",
    "ICD10Code": "R50.9",
    "CodeAccuracy%": 88.5,
    "MatchedKeywords": [
      "fever"
    ],
    "Reasoning": "ICD-10 code assigned with 88.5% confidence based on clinical indicators",
    "ProcessingTimestamp": "2025-11-23T12:40:47.502651"
  },
  {
    "PatientName": "Patient_1011",
    "Age": 28,
    "Gender": "Male",
    "Symptoms": "chest pain, shortness of breath",
    "ScanResult": "Radiographic findings documented",
    "ClinicalNote": "Patient: 28yo Male Chief Complaint: chest pain, shortness of breath Imaging: Radiographic findings documented. Physical exam findings. Assessment. Plan for follow-up. Follow-up will be planned for the following patient(s) based on the results of the physical exam and radiographic findings.",
    "ICD10Code": "R06.02",
    "CodeAccuracy%": 97.0,
    "MatchedKeywords": [
      "shortness of breath"
    ],
    "Reasoning": "ICD-10 code assigned with 97.0% confidence based on clinical indicators",
    "ProcessingTimestamp": "2025-11-23T12:41:19.458604"
  },
  {
    "PatientName": "Patient_1012",
    "Age": 60,
    "Gender": "Female",
    "Symptoms": "neurological symptoms",
    "ScanResult": "Imaging shows mild abnormalities",
    "ClinicalNote": "The patient is a 60-year-old female with neurological symptoms. Imaging shows mild abnormalities on X-ray. The physical exam is normal. The patient will be referred to a neurologist for a neurological evaluation. Follow-up will be discussed with the patient.",
    "ICD10Code": "Z00.00",
    "CodeAccuracy%": 97.0,
    "MatchedKeywords": [
      "follow-up"
    ],
    "Reasoning": "ICD-10 code assigned with 97.0% confidence based on clinical indicators",
    "ProcessingTimestamp": "2025-11-23T12:41:51.012615"
  },
  {
    "PatientName": "Patient_1013",
    "Age": 22,
    "Gender": "Other",
    "Symptoms": "preventive care",
    "ScanResult": "Imaging studies completed and reviewed",
    "ClinicalNote": "Patient: 22yo Other Chief Complaint: preventive care Imaging: Imaging studies completed and reviewed. Physical exam findings. Assessment. Plan for follow-up. - Preventive care is a major cause of morbidity and mortality in the United States. The American College of Surgeons (ACS) recommends that preventive health care be included in the American Health Care System (AHS).",
    "ICD10Code": "Z00.00",
    "CodeAccuracy%": 97.0,
    "MatchedKeywords": [
      "follow-up",
      "preventive"
    ],
    "Reasoning": "ICD-10 code assigned with 97.0% confidence based on clinical indicators",
    "ProcessingTimestamp": "2025-11-23T12:42:37.900687"
  },
  {
    "PatientName": "Patient_1014",
    "Age": 83,
    "Gender": "Other",
    "Symptoms": "diabetes, hypertension",
    "ScanResult": "Imaging studies completed and reviewed",
    "ClinicalNote": "Other Chief Complaint: diabetes, hypertension Imaging: Imaging studies completed and reviewed. Physical exam findings. Assessment. Plan for follow-up. Patient is 83yo. Other chief complaint is diabetes and hypertension. Imaging: imaging studies completed, reviewed, and re-evaluated.",
    "ICD10Code": "I10",
    "CodeAccuracy%": 97.0,
    "MatchedKeywords": [
      "hypertension"
    ],
    "Reasoning": "ICD-10 code assigned with 97.0% confidence based on clinical indicators",
    "ProcessingTimestamp": "2025-11-23T12:43:09.554901"
  },
  {
    "PatientName": "Patient_1015",
    "Age": 75,
    "Gender": "Other",
    "Symptoms": "respiratory symptoms",
    "ScanResult": "Radiographic findings documented",
    "ClinicalNote": "Other Chief Complaint: respiratory symptoms. Imaging: Radiographic findings documented. Physical exam findings. Plan for follow-up. Patient: 75yo, other chief complaint is respiratory symptoms, imaging: radiographic findings, physical exam, assessment, plan for follow up, respiratory symptoms.",
    "ICD10Code": "R05.9",
    "CodeAccuracy%": 97.0,
    "MatchedKeywords": [
      "respiratory"
    ],
    "Reasoning": "ICD-10 code assigned with 97.0% confidence based on clinical indicators",
    "ProcessingTimestamp": "2025-11-23T12:43:41.064731"
  },
  {
    "PatientName": "Patient_1016",
    "Age": 76,
    "Gender": "Other",
    "Symptoms": "shortness of breath, fatigue",
    "ScanResult": "Imaging studies completed and reviewed",
    "ClinicalNote": "Other Chief Complaint: shortness of breath, fatigue Imaging: Imaging studies completed and reviewed. Physical exam findings. Assessment. Plan for follow-up. Patient: 76yo. Other chief complaint: Shortness of Breath, Fatigue Imaging: Magnetic Resonance Tomography (MRI).",
    "ICD10Code": "R06.02",
    "CodeAccuracy%": 97.0,
    "MatchedKeywords": [
      "shortness of breath"
    ],
    "Reasoning": "ICD-10 code assigned with 97.0% confidence based on clinical indicators",
    "ProcessingTimestamp": "2025-11-23T12:44:12.417910"
  },
  {
    "PatientName": "Patient_1017",
    "Age": 57,
    "Gender": "Female",
    "Symptoms": "preventive care",
    "ScanResult": "Imaging shows mild abnormalities",
    "ClinicalNote": "Preventive care is the chief complaint of the patient. Imaging shows mild abnormalities. The patient is 57 years of age and has a history of erectile dysfunction. She is scheduled for a follow-up physical exam to determine the cause of the abnormalities and to determine if the condition can be treated.",
    "ICD10Code": "Z00.00",
    "CodeAccuracy%": 97.0,
    "MatchedKeywords": [
      "follow-up",
      "preventive"
    ],
    "Reasoning": "ICD-10 code assigned with 97.0% confidence based on clinical indicators",
    "ProcessingTimestamp": "2025-11-23T12:44:46.686573"
  },
  {
    "PatientName": "Patient_1018",
    "Age": 76,
    "Gender": "Male",
    "Symptoms": "headache, nausea, dizziness",
    "ScanResult": "CT abdomen: inconclusive",
    "ClinicalNote": "Headache, nausea, and dizziness are the chief complaints of this patient. The patient is 76 years of age and has a history of abdominal pain and a CT abdomen. The physical exam was negative for a spleen adenocarcinoma. This patient will be followed for follow-up.",
    "ICD10Code": "R10.9",
    "CodeAccuracy%": 97.0,
    "MatchedKeywords": [
      "abdominal",
      "abdominal pain"
    ],
    "Reasoning": "ICD-10 code assigned with 97.0% confidence based on clinical indicators",
    "ProcessingTimestamp": "2025-11-23T12:45:23.005416"
  },
  {
    "PatientName": "Patient_1019",
    "Age": 23,
    "Gender": "Other",
    "Symptoms": "musculoskeletal pain",
    "ScanResult": "Chest X-ray: infiltrates present",
    "ClinicalNote": "The patient's chief complaint is musculoskeletal pain. The chest X-ray showed infiltrates in the chest. The patient is scheduled for follow-up to determine the cause of the chest x-ray findings and to determine if there are any other causes of the pain.",
    "ICD10Code": "M79.3",
    "CodeAccuracy%": 97.0,
    "MatchedKeywords": [
      "pain",
      "musculoskeletal"
    ],
    "Reasoning": "ICD-10 code assigned with 97.0% confidence based on clinical indicators",
    "ProcessingTimestamp": "2025-11-23T12:45:55.465710"
  },
  {
    "PatientName": "Patient_1020",
    "Age": 46,
    "Gender": "Female",
    "Symptoms": "headache, fatigue, fever",
    "ScanResult": "CT scan shows mild pneumonia",
    "ClinicalNote": "The patient's chief complaint is headache, fatigue, and fever. The patient has a CT scan showing mild pneumonia. The physical exam findings are as follows: a swollen lymph node on the right side of the chest. There is a large amount of fluid in the right thoracic cavity. There are no spleen or lymph nodes in the lungs.",
    "ICD10Code": "J18.9",
    "CodeAccuracy%": 96.5,
    "MatchedKeywords": [
      "pneumonia"
    ],
    "Reasoning": "ICD-10 code assigned with 96.5% confidence based on clinical indicators",
    "ProcessingTimestamp": "2025-11-23T12:46:45.443597"
  },
  {
    "PatientName": "Patient_1021",
    "Age": 48,
    "Gender": "Other",
    "Symptoms": "cough, fever",
    "ScanResult": "CT scan shows mild pneumonia",
    "ClinicalNote": "Imaging: CT scan shows mild pneumonia. Physical exam findings. Assessment. Plan for follow-up. Patient: 48yo Other Chief Complaint: cough, fever Imaging: C-reactive protein (Cr) 10 ng/mL.",
    "ICD10Code": "J18.9",
    "CodeAccuracy%": 97.0,
    "MatchedKeywords": [
      "pneumonia"
    ],
    "Reasoning": "ICD-10 code assigned with 97.0% confidence based on clinical indicators",
    "ProcessingTimestamp": "2025-11-23T12:47:15.364991"
  },
  {
    "PatientName": "Patient_1022",
    "Age": 71,
    "Gender": "Other",
    "Symptoms": "cardiovascular symptoms",
    "ScanResult": "Chest X-ray completed, awaiting interpretation",
    "ClinicalNote": "Other Chief Complaint: Cardiovascular symptoms. Imaging: Chest X-ray completed, awaiting interpretation. Plan for follow-up. The patient is 71 years old and has a chief complaint of cardiovascular symptoms. The physical exam findings are as follows: abdominal pain, abdominal tenderness, chest pain, chest x-ray.",
    "ICD10Code": "R10.9",
    "CodeAccuracy%": 97.0,
    "MatchedKeywords": [
      "abdominal",
      "abdominal pain"
    ],
    "Reasoning": "ICD-10 code assigned with 97.0% confidence based on clinical indicators",
    "ProcessingTimestamp": "2025-11-23T12:47:54.365491"
  },
  {
    "PatientName": "Patient_1023",
    "Age": 84,
    "Gender": "Male",
    "Symptoms": "pain, swelling, inflammation",
    "ScanResult": "CT chest with contrast: findings noted",
    "ClinicalNote": "Pain, swelling, inflammation. Imaging: CT chest with contrast: findings noted. Physical exam: pain, swelling and inflammation. Assessment: plan for follow-up. Follow-up: x-rays, MRI, computed tomography angiography, positron emission Tomography.",
    "ICD10Code": "R60.9",
    "CodeAccuracy%": 97.0,
    "MatchedKeywords": [
      "swelling",
      "inflammation"
    ],
    "Reasoning": "ICD-10 code assigned with 97.0% confidence based on clinical indicators",
    "ProcessingTimestamp": "2025-11-23T12:48:26.875290"
  },
  {
    "PatientName": "Patient_1024",
    "Age": 60,
    "Gender": "Male",
    "Symptoms": "general checkup, routine exam",
    "ScanResult": "Brain imaging: normal",
    "ClinicalNote": "The patient is a 60-year-old male with a general checkup, routine exam, and brain imaging. The physical exam findings are normal. The patient will be referred to a pulmonologist for further evaluation and follow-up. He has a history of erectile dysfunction.",
    "ICD10Code": "Z00.00",
    "CodeAccuracy%": 97.0,
    "MatchedKeywords": [
      "checkup",
      "routine exam",
      "follow-up"
    ],
    "Reasoning": "ICD-10 code assigned with 97.0% confidence based on clinical indicators",
    "ProcessingTimestamp": "2025-11-23T12:49:01.848035"
  }
]