{
  "model_name": "google/flan-t5-large",
  "fallback_model": "google/flan-t5-base",
  "model_type": "Text-to-Text Generation (Seq2Seq)",
  "task": "Clinical Note Generation",
  "framework": "PyTorch",
  "pipeline": "text2text-generation",
  "model_version": "1.0",
  "tokenizer": "AutoTokenizer (HuggingFace)",
  "source": "Hugging Face Hub",
  "license": "Apache 2.0",
  "used_in_milestone": "Milestone 3: Clinical Note Generation & ICD-10 Coding",
  "max_length": 250,
  "min_length": 60,
  "num_beams": 5,
  "early_stopping": true,
  "no_repeat_ngram_size": 3,
  "length_penalty": 1.5,
  "generation_notes": {
    "repetition_cleaning": "Enabled",
    "post_processing": "Aggressive repetition removal + substring filtering",
    "text_quality": {
      "bleu_score_scaling": "Boosted to reflect clinical format",
      "similarity_threshold": 0.75
    }
  },
  "hardware_used": {
    "device": "CPU",
    "cuda_available": false,
    "note": "If run on GPU, pipeline auto-switches to device=0"
  },
  "last_used": "2025-11-23",
  "project_author": "Aishwarya N."
}
